student_id,assignment_score,midterm_score,final_score,attendance_percent,total_score,exam_denied,pass_fail,pass_fail_encoded
1,0.5243161094224924,0.7940865892291447,0.5712719298245614,0.6135802469135803,0.6343047752808989,False,Pass,1
2,0.2781155015197567,0.7191129883843718,0.43969298245614025,0.5987654320987654,0.4273174157303371,False,Pass,1
3,0.6048632218844985,0.4635691657866949,0.5010964912280702,1.0,0.4524227528089887,False,Pass,1
4,0.6398176291793312,0.3400211193241816,0.7083333333333334,0.8345679012345679,0.5356390449438203,False,Pass,1
5,0.11246200607902734,0.10770855332629356,0.5844298245614035,0.7012345679012344,0.1576544943820225,False,Fail,0
6,0.23100303951367773,0.49102428722280883,0.650219298245614,0.8765432098765433,0.4320575842696629,False,Pass,1
7,0.4908814589665653,0.9609292502639916,0.7160087719298245,0.23333333333333328,0.7986306179775281,False,Pass,1
8,0.41033434650455924,0.6462513199577613,0.5098684210526315,0.7419753086419751,0.4817415730337079,False,Pass,1
9,0.4650455927051671,0.4889123548046463,0.7324561403508771,1.0,0.5647823033707865,False,Pass,1
10,0.3130699088145895,0.6515311510031678,0.6578947368421052,0.7851851851851852,0.5454705056179775,False,Pass,1
11,0.6291793313069907,0.3305174234424499,0.33991228070175433,0.7703703703703704,0.2912570224719101,False,Fail,0
12,0.6094224924012157,0.5300950369588173,0.8684210526315789,0.8888888888888888,0.7224367977528091,False,Pass,1
13,0.4802431610942248,0.5934530095036958,0.4846491228070175,0.9740740740740741,0.4634831460674157,False,Pass,1
14,0.6732522796352582,0.5638859556494192,0.256578947368421,0.26049382716049385,0.3695575842696629,False,Pass,1
15,0.553191489361702,0.7032734952481521,0.37719298245614036,0.3382716049382715,0.4747191011235955,False,Pass,1
16,0.3115501519756838,0.6325237592397043,0.381578947368421,0.8049382716049382,0.3584971910112359,False,Pass,1
17,0.5349544072948329,0.6832101372756071,0.5932017543859649,0.5765432098765433,0.5967345505617979,False,Pass,1
18,0.29331306990881456,0.4688489968321014,0.5296052631578948,1.0,0.3653441011235955,False,Pass,1
19,0.6276595744680851,0.720168954593453,0.5164473684210527,0.6753086419753087,0.5981390449438203,False,Pass,1
20,0.45896656534954405,0.8352692713833157,0.706140350877193,0.27530864197530863,0.7185744382022473,False,Pass,1
21,0.43465045592705154,0.42344244984160506,0.650219298245614,0.43950617283950616,0.4689255617977529,False,Pass,1
22,0.3434650455927051,0.43717001055966215,0.6458333333333334,0.07407407407407407,0.4413623595505619,False,Pass,1
23,0.6914893617021276,0.788806758183738,0.6644736842105263,0.6950617283950618,0.7492977528089889,False,Pass,1
24,0.439209726443769,0.5469904963041182,0.7050438596491228,0.7061728395061728,0.5672401685393259,False,Pass,1
25,0.39057750759878407,0.8004223864836324,0.16776315789473684,0.6481481481481481,0.332689606741573,False,Pass,1
26,0.4042553191489361,0.5079197465681098,0.5109649122807017,1.0,0.4113412921348315,False,Pass,1
27,0.5653495440729484,0.8078141499472016,0.15350877192982454,1.0,0.387816011235955,False,Pass,1
28,0.5349544072948329,0.5987328405491024,0.5899122807017544,0.711111111111111,0.5524929775280899,False,Pass,1
29,0.5440729483282674,0.6187961985216472,0.5822368421052632,0.22592592592592586,0.5607443820224721,False,Pass,1
30,0.547112462006079,0.8257655755015839,0.7894736842105262,0.9049382716049383,0.7977528089887641,False,Pass,1
31,0.8586626139817628,0.5205913410770855,0.8179824561403509,0.8901234567901235,0.7717696629213483,False,Pass,1
32,0.3936170212765957,0.4287222808870116,0.6228070175438596,0.8296296296296297,0.4397823033707865,False,Pass,1
33,0.37537993920972634,0.5068637803590285,0.4846491228070175,0.9950617283950616,0.3839536516853933,False,Pass,1
34,0.3191489361702128,0.6494192185850052,0.6787280701754386,0.46543209876543207,0.5598665730337079,False,Pass,1
35,0.5805471124620061,0.32946145723336856,0.4791666666666666,1.0,0.363061797752809,False,Pass,1
36,0.6732522796352582,0.6789862724392819,0.5833333333333334,0.5160493827160493,0.6362359550561799,False,Pass,1
37,0.44680851063829785,0.49208025343189016,0.7785087719298245,0.9382716049382716,0.5895365168539325,False,Pass,1
38,0.31458966565349533,0.7592397043294614,0.47368421052631576,0.33703703703703697,0.4817415730337079,False,Pass,1
39,0.31762917933130697,0.19852164730728616,0.7423245614035088,0.5234567901234568,0.3751755617977528,False,Pass,1
40,0.5866261398176291,0.4530095036958817,0.7171052631578948,1.0,0.5791783707865169,False,Pass,1
41,0.6033434650455927,0.310454065469905,0.39473684210526305,0.6888888888888889,0.3074087078651685,False,Pass,1
42,0.566869300911854,0.44667370644139387,0.775219298245614,0.9604938271604937,0.6063904494382023,False,Pass,1
43,0.3465045592705166,0.6166842661034847,0.7214912280701754,0.8111111111111111,0.5804073033707865,False,Pass,1
44,0.5106382978723403,0.5491024287222808,0.6030701754385964,0.7271604938271605,0.5277387640449439,False,Pass,1
45,0.4893617021276595,0.5374868004223865,0.43311403508771923,1.0,0.4057233146067416,False,Pass,1
46,0.5075987841945286,0.5522703273495247,0.41337719298245607,0.6950617283950618,0.4067766853932584,False,Pass,1
47,0.6276595744680851,0.6103484688489969,0.47697368421052627,0.31358024691358016,0.5180828651685393,False,Pass,1
48,0.5091185410334347,0.41816261879619854,0.6907894736842105,0.5543209876543209,0.5180828651685393,False,Pass,1
49,0.5911854103343464,0.6895459345300949,0.39473684210526305,0.8888888888888888,0.4922752808988765,False,Pass,1
50,0.4802431610942248,0.6821541710665259,0.6699561403508772,0.8506172839506174,0.6264044943820225,False,Pass,1
51,0.5212765957446808,0.6388595564941921,0.33771929824561403,0.36666666666666664,0.4062500000000001,False,Pass,1
52,0.5835866261398175,0.6652587117212249,0.5427631578947368,0.574074074074074,0.5723314606741573,False,Pass,1
53,0.202127659574468,0.6240760295670539,0.6052631578947368,0.6098765432098765,0.4596207865168539,False,Pass,1
54,0.41033434650455924,0.8996832101372756,0.9999999999999999,0.662962962962963,0.9220505617977529,False,Pass,1
55,0.3829787234042552,0.5638859556494192,0.3114035087719298,0.41358024691358025,0.3040730337078652,False,Pass,1
56,0.35106382978723394,0.529039070749736,0.8739035087719298,0.597530864197531,0.6358848314606741,False,Pass,1
57,0.4179331306990881,0.45828933474128836,0.6129385964912281,0.5728395061728395,0.4566362359550563,False,Pass,1
58,0.7401215805471124,0.4139387539598733,0.6644736842105263,0.94320987654321,0.5791783707865169,False,Pass,1
59,0.3100303951367781,0.3801478352692714,0.6063596491228069,0.9530864197530864,0.3760533707865168,False,Pass,1
60,0.6443768996960484,0.43717001055966215,0.6710526315789473,0.7172839506172839,0.5617977528089887,False,Pass,1
61,0.16109422492401204,0.5659978880675818,0.5526315789473685,0.6567901234567901,0.3827247191011236,False,Pass,1
62,0.4072948328267476,0.6304118268215416,0.8706140350877193,0.7876543209876543,0.7038272471910113,False,Pass,1
63,0.4984802431610942,0.5860612460401267,0.4934210526315788,0.5518518518518518,0.4717345505617977,False,Pass,1
64,0.5744680851063828,0.4561774023231257,0.8070175438596492,0.4703703703703704,0.6341292134831461,False,Pass,1
65,0.5972644376899696,0.720168954593453,0.4561403508771929,0.5209876543209877,0.5489817415730339,False,Pass,1
66,0.6124620060790273,0.6948257655755015,0.5712719298245614,0.5962962962962963,0.6153441011235957,False,Pass,1
67,0.4042553191489361,0.5522703273495247,0.37171052631578944,0.46543209876543207,0.3442766853932585,False,Pass,1
68,0.384498480243161,0.47412882787750793,0.6732456140350878,0.7925925925925927,0.4915730337078653,False,Pass,1
69,0.6246200607902734,0.6642027455121436,0.8684210526315789,0.9333333333333333,0.7945926966292135,False,Pass,1
70,0.43313069908814583,0.6071805702217529,0.5679824561403509,0.3617283950617283,0.5073735955056181,False,Pass,1
71,0.23556231003039507,0.34846884899683206,0.5449561403508771,0.7592592592592593,0.2951193820224719,False,Fail,0
72,0.2613981762917932,0.5670538542766631,0.362938596491228,0.6987654320987653,0.2965238764044944,False,Fail,0
73,0.3009118541033434,0.6187961985216472,0.5383771929824561,0.837037037037037,0.4483848314606741,False,Pass,1
74,0.5592705167173251,0.4350580781414995,0.2686403508771929,0.7493827160493827,0.2735252808988764,False,Fail,0
75,0.49392097264437695,0.6071805702217529,0.40350877192982454,0.3938271604938271,0.4231039325842697,False,Pass,1
76,0.594224924012158,0.34741288278775084,0.6282894736842105,0.44197530864197526,0.4722612359550563,False,Pass,1
77,0.39057750759878407,0.788806758183738,0.8432017543859649,0.7604938271604937,0.7594803370786517,False,Pass,1
78,0.49696048632218837,0.7750791974656811,0.9999999999999999,1.0,0.8899227528089889,False,Pass,1
79,0.5820668693009117,0.5374868004223865,0.46710526315789463,0.20617283950617288,0.4596207865168539,False,Pass,1
80,0.41185410334346495,0.6356916578669483,0.8662280701754386,0.8382716049382717,0.7052317415730337,False,Pass,1
81,0.5516717325227962,0.19640971488912357,0.6315789473684211,1.0,0.3843047752808989,False,Pass,1
82,0.3480243161094224,0.39493136219640973,0.5537280701754386,0.7148148148148148,0.3628862359550561,False,Pass,1
83,0.40121580547112456,0.5311510031678986,0.6688596491228069,0.8888888888888888,0.5229985955056181,False,Pass,1
84,0.39817629179331293,0.40760295670538543,0.5953947368421053,0.5790123456790124,0.4132724719101124,False,Pass,1
85,0.2492401215805471,0.6906019007391764,0.6052631578947368,0.7234567901234568,0.5091292134831461,False,Pass,1
86,0.5562310030395137,0.8944033790918691,0.5032894736842105,0.35308641975308647,0.6518609550561799,False,Pass,1
87,0.3829787234042552,0.3917634635691658,0.307017543859649,0.1740740740740741,0.2154143258426966,False,Fail,0
88,0.4696048632218843,0.4445617740232312,0.27850877192982454,0.9864197530864198,0.2535112359550562,False,Fail,0
89,0.5562310030395137,0.614572333685322,0.712719298245614,0.5098765432098764,0.6464185393258427,False,Pass,1
90,0.5501519756838906,0.8331573389651531,0.5285087719298246,0.6407407407407408,0.6353581460674159,False,Pass,1
91,0.5896656534954408,0.3843717001055967,0.46600877192982443,0.41111111111111104,0.3851825842696629,False,Pass,1
92,0.44984802431610926,0.6166842661034847,0.5855263157894737,0.40493827160493817,0.5291432584269663,False,Pass,1
93,0.39057750759878407,0.8658922914466737,0.7401315789473684,0.7098765432098766,0.7319171348314609,False,Pass,1
94,0.4528875379939209,0.31573389651531153,0.618421052631579,0.5728395061728395,0.4011587078651686,False,Pass,1
95,0.16109422492401204,0.3748680042238648,0.4539473684210526,0.8469135802469134,0.2241924157303371,False,Fail,0
96,0.2036474164133738,0.5100316789862724,0.825657894736842,0.865432098765432,0.5444171348314607,False,Pass,1
97,0.2264437689969604,0.49524815205913414,0.8947368421052632,0.8320987654320988,0.5891853932584269,False,Pass,1
98,0.2857142857142856,0.706441393875396,0.680921052631579,0.8123456790123456,0.5781250000000001,False,Pass,1
99,0.5410334346504557,0.6156282998944034,0.775219298245614,1.0,0.6817064606741573,False,Pass,1
100,0.30243161094224913,0.2967265047518479,0.8289473684210527,0.4888888888888889,0.4743679775280899,False,Pass,1
101,0.39969604863221875,0.658922914466737,0.8059210526315789,0.7395061728395063,0.6739817415730337,False,Pass,1
102,0.7051671732522795,0.4857444561774023,0.7050438596491228,1.0,0.6288623595505619,False,Pass,1
103,0.4027355623100304,0.7793030623020062,0.7017543859649122,1.0,0.6683637640449439,False,Pass,1
104,0.6033434650455927,0.4783526927138331,0.6864035087719299,0.4024691358024692,0.5779494382022471,False,Pass,1
105,0.2978723404255318,0.4772967265047519,0.36622807017543857,0.6765432098765432,0.2665028089887641,False,Fail,0
106,0.4300911854103343,0.6631467793030622,0.7214912280701754,1.0,0.6325491573033707,False,Pass,1
107,0.29483282674772027,0.6979936642027456,0.3157894736842105,0.8790123456790124,0.3432233146067416,False,Pass,1
108,0.4057750759878418,0.648363252375924,0.4265350877192982,0.8012345679012347,0.4278441011235955,False,Pass,1
109,0.6215805471124618,0.310454065469905,0.8410087719298246,0.6987654320987653,0.5995435393258427,False,Pass,1
110,0.15349544072948318,0.6631467793030622,0.7489035087719298,0.6580246913580245,0.5542485955056181,False,Pass,1
111,0.547112462006079,0.4139387539598733,0.8771929824561403,0.8246913580246913,0.6485252808988765,False,Pass,1
112,0.5121580547112463,0.614572333685322,0.5296052631578948,0.691358024691358,0.5138693820224719,False,Pass,1
113,0.3601823708206686,0.35163674762407604,0.35635964912280693,0.7419753086419751,0.2191011235955056,False,Fail,0
114,0.2036474164133738,0.648363252375924,0.5361842105263158,0.7728395061728395,0.4280196629213483,False,Pass,1
115,0.48176291793313064,0.44984160506863785,0.6030701754385964,0.5851851851851853,0.4682233146067415,False,Pass,1
116,0.3708206686930091,0.3748680042238648,0.5986842105263158,0.8839506172839506,0.3895716292134832,False,Pass,1
117,0.5106382978723403,0.6906019007391764,0.8070175438596492,1.0,0.7289325842696631,False,Pass,1
118,0.47264437689969596,0.6156282998944034,0.5120614035087719,0.3148148148148148,0.4894662921348315,False,Pass,1
119,0.7598784194528876,0.4804646251319958,0.6524122807017544,0.8333333333333333,0.6114817415730337,False,Pass,1
120,0.42401215805471115,0.8078141499472016,0.3881578947368421,0.565432098765432,0.4891151685393259,False,Pass,1
121,0.28115501519756836,0.5079197465681098,0.6721491228070174,0.8950617283950617,0.4719101123595505,False,Pass,1
122,0.5015197568389058,0.5828933474128828,0.5844298245614035,0.7641975308641975,0.5294943820224719,False,Pass,1
123,0.5075987841945286,0.6198521647307286,0.43530701754385964,0.9407407407407409,0.4545294943820225,False,Pass,1
124,0.71580547112462,0.47940865892291445,0.5372807017543859,1.0,0.5219452247191011,False,Pass,1
125,0.6200607902735562,0.6525871172122492,0.5471491228070176,0.8,0.5814606741573033,False,Pass,1
126,0.5334346504559269,0.4931362196409715,0.5296052631578948,1.0,0.4606741573033707,False,Pass,1
127,0.735562310030395,0.512143611404435,0.9331140350877193,0.1740740740740741,0.7986306179775281,False,Pass,1
128,0.2507598784194528,0.7930306230200633,0.5635964912280702,1.0,0.5340589887640449,False,Pass,1
129,0.35106382978723394,0.41288278775079196,0.5350877192982456,0.845679012345679,0.3609550561797753,False,Pass,1
130,0.2993920972644376,0.19535374868004224,0.168859649122807,1.0,0.0,False,Fail,0
131,0.3966565349544072,0.8331573389651531,0.40679824561403505,0.4518518518518519,0.5042134831460675,False,Pass,1
132,0.2173252279635257,0.9809926082365364,0.5317982456140351,0.548148148148148,0.5958567415730339,False,Pass,1
133,0.5835866261398175,0.5131995776135163,0.4484649122807017,0.788888888888889,0.4360955056179775,False,Pass,1
134,0.4270516717325227,0.2703273495248152,0.856359649122807,0.7493827160493827,0.5219452247191011,False,Pass,1
135,0.20060790273556217,0.5279831045406547,0.5504385964912281,0.8234567901234568,0.3760533707865168,False,Pass,1
136,0.28267477203647406,0.5322069693769799,0.8377192982456141,1.0,0.5905898876404493,False,Pass,1
137,0.525835866261398,0.5480464625131996,0.5953947368421053,0.3172839506172839,0.5275632022471911,False,Pass,1
138,0.6215805471124618,0.4012671594508975,0.5910087719298246,0.9938271604938271,0.4847261235955057,False,Pass,1
139,0.8328267477203646,0.6694825765575502,0.5657894736842105,0.7555555555555555,0.6755617977528091,False,Pass,1
140,1.0,0.6610348468848997,0.5844298245614035,0.7024691358024691,0.7412219101123595,False,Pass,1
141,0.5440729483282674,0.34107708553326294,0.9221491228070177,0.39012345679012345,0.6399227528089887,False,Pass,1
142,0.2872340425531914,0.6884899683210137,0.12499999999999996,0.8777777777777778,0.2136587078651685,False,Fail,0
143,0.07902735562310015,0.9028511087645195,0.18859649122807015,0.1567901234567901,0.2891502808988764,False,Fail,0
144,0.5167173252279635,0.6050686378035902,0.47587719298245607,0.9135802469135803,0.4762991573033707,False,Pass,1
145,0.3191489361702128,0.5237592397043294,0.5866228070175439,0.38518518518518524,0.4382022471910113,False,Pass,1
146,0.3920972644376899,0.5554382259767687,0.7192982456140351,0.7666666666666666,0.5642556179775281,False,Pass,1
147,0.3571428571428571,0.6747624076029567,0.6765350877192983,0.7234567901234568,0.5842696629213483,False,Pass,1
148,0.4422492401215804,0.3030623020063358,0.5076754385964912,1.0,0.3202247191011236,False,Pass,1
149,0.6626139817629177,0.6040126715945089,0.7839912280701754,0.7086419753086419,0.7236657303370785,False,Pass,1
150,0.49696048632218837,0.515311510031679,0.7861842105263158,0.5814814814814815,0.6234199438202247,False,Pass,1
151,0.439209726443769,0.8701161562829989,0.6195175438596491,0.6283950617283951,0.6736306179775281,False,Pass,1
152,0.27963525835866254,0.5501583949313621,0.7730263157894737,1.0,0.5570575842696629,False,Pass,1
153,0.16261398176291786,0.8416050686378036,0.6370614035087719,0.8851851851851853,0.5747893258426967,False,Pass,1
154,0.3799392097264437,0.40232312565997885,0.47258771929824556,0.6580246913580245,0.3256671348314607,False,Pass,1
155,0.45896656534954405,0.6705385427666314,0.7214912280701754,0.6950617283950618,0.6462429775280899,False,Pass,1
156,0.790273556231003,0.628299894403379,0.6052631578947368,0.36666666666666664,0.6655547752808989,False,Pass,1
157,0.4924012158054709,0.440337909186906,0.5833333333333334,0.8493827160493828,0.4545294943820225,False,Pass,1
158,0.64741641337386,0.6061246040126715,0.8739035087719298,0.3185185185185185,0.7770365168539327,False,Pass,1
159,0.37689969604863216,0.7697993664202746,0.09978070175438593,0.9382716049382716,0.2691362359550562,False,Fail,0
160,0.2522796352583585,0.525871172122492,0.30372807017543857,0.7851851851851852,0.2349016853932584,False,Fail,0
161,0.29179331306990874,0.3093980992608237,0.34868421052631576,1.0,0.1694171348314607,False,Fail,0
162,0.3358662613981762,0.5744456177402323,0.5120614035087719,0.48148148148148145,0.4215238764044943,False,Pass,1
163,0.8556231003039514,0.4350580781414995,0.5328947368421052,0.7271604938271605,0.5454705056179775,False,Pass,1
164,0.31762917933130697,0.5237592397043294,0.2861842105263157,1.0,0.2452598314606742,False,Fail,0
165,0.6215805471124618,0.5649419218585005,0.3892543859649122,1.0,0.4371488764044945,False,Pass,1
166,0.30395136778115495,0.307286166842661,0.41337719298245607,0.5814814814814815,0.2140098314606742,False,Fail,0
167,0.6382978723404256,0.3220696937697993,0.9999999999999999,0.808641975308642,0.7129564606741573,False,Pass,1
168,0.5379939209726443,0.6536430834213305,0.9385964912280703,0.7530864197530864,0.8042485955056179,False,Pass,1
169,0.439209726443769,0.49524815205913414,0.5021929824561404,0.8222222222222222,0.4115168539325843,False,Pass,1
170,0.46048632218844976,0.17106652587117213,0.5120614035087719,0.5802469135802468,0.2635182584269663,False,Fail,0
171,0.3480243161094224,0.7022175290390706,0.35635964912280693,0.7308641975308643,0.3897471910112359,False,Pass,1
172,0.5501519756838906,0.6209081309398098,0.2072368421052631,0.35802469135802467,0.3237359550561798,False,Pass,1
173,0.384498480243161,0.4646251319957761,0.5603070175438596,0.7864197530864199,0.4145014044943821,False,Pass,1
174,0.24468085106382964,0.368532206969377,0.3859649122807017,0.8641975308641976,0.2064606741573034,False,Fail,0
175,0.23556231003039507,0.7096092925026398,0.5668859649122807,0.6975308641975309,0.4892907303370787,False,Pass,1
176,0.4999999999999998,0.6325237592397043,0.2675438596491228,0.354320987654321,0.3507724719101124,False,Pass,1
177,0.7553191489361701,0.9545934530095036,0.43311403508771923,0.9975308641975309,0.7059339887640451,False,Pass,1
178,0.49696048632218837,0.6441393875395987,0.6129385964912281,0.8432098765432099,0.5767205056179777,False,Pass,1
179,0.44680851063829785,0.6388595564941921,0.6557017543859649,0.574074074074074,0.5840941011235957,False,Pass,1
180,0.5197568389057752,0.5512143611404434,0.6655701754385965,0.6839506172839507,0.5719803370786517,False,Pass,1
181,0.7066869300911853,0.7074973600844773,0.3223684210526316,0.38271604938271603,0.4949087078651685,False,Pass,1
182,0.5075987841945286,0.6768743400211193,0.7521929824561404,0.49999999999999994,0.6859199438202247,False,Pass,1
183,0.3936170212765957,0.7761351636747623,0.425438596491228,0.6197530864197531,0.4866573033707865,False,Pass,1
184,0.6702127659574466,0.49524815205913414,0.7083333333333334,1.0,0.6235955056179777,False,Pass,1
185,0.5455927051671732,0.5089757127771911,0.581140350877193,0.5950617283950617,0.5057935393258427,False,Pass,1
186,0.7477203647416413,0.5015839493136219,0.3114035087719298,0.911111111111111,0.3994030898876405,False,Pass,1
187,0.5015197568389058,0.7032734952481521,0.5208333333333333,0.6197530864197531,0.5488061797752809,False,Pass,1
188,0.24468085106382964,0.8152059134107709,0.6557017543859649,0.8148148148148149,0.6020014044943821,False,Pass,1
189,0.21884498480243153,0.5047518479408659,0.7039473684210527,0.7185185185185186,0.4691011235955057,False,Pass,1
190,0.768996960486322,0.5100316789862724,0.555921052631579,0.9691358024691359,0.5675912921348313,False,Pass,1
191,0.7826747720364742,0.6272439281942978,0.8859649122807016,0.6209876543209876,0.8421699438202247,False,Pass,1
192,0.43465045592705154,0.5385427666314677,0.781798245614035,0.36419753086419754,0.6106039325842697,False,Pass,1
193,0.39817629179331293,0.7286166842661034,0.5328947368421052,0.4123456790123456,0.5333567415730337,False,Pass,1
194,0.7340425531914894,0.22069693769799364,0.731359649122807,0.6222222222222222,0.5235252808988765,False,Pass,1
195,0.26595744680851063,0.44667370644139387,0.9649122807017544,0.44444444444444436,0.6235955056179777,False,Pass,1
196,0.30547112462006065,0.45406546990496305,0.9703947368421052,0.854320987654321,0.6444873595505619,False,Pass,1
197,0.5851063829787233,0.2101372756071806,0.3410087719298245,0.6382716049382715,0.2166432584269663,False,Fail,0
198,0.3966565349544072,0.4244984160506864,0.400219298245614,1.0,0.2961727528089888,False,Fail,0
199,0.4665653495440729,0.43294614572333684,0.8760964912280702,0.3234567901234568,0.6293890449438203,False,Pass,1
200,0.43768996960486317,0.5459345300950369,0.37499999999999994,0.8037037037037036,0.354810393258427,False,Pass,1
201,0.5303951367781155,0.7539598732840549,0.3223684210526316,0.47407407407407404,0.4569873595505619,False,Pass,1
202,0.7249240121580547,0.5385427666314677,0.4868421052631579,0.6308641975308642,0.5222963483146067,False,Pass,1
203,0.48480243161094205,0.4139387539598733,0.6666666666666666,0.7876543209876543,0.4920997191011237,False,Pass,1
204,0.5851063829787233,0.5681098204857444,0.5635964912280702,0.1790123456790123,0.5377457865168539,False,Pass,1
205,0.09422492401215798,0.7434002111932418,0.4550438596491227,0.8111111111111111,0.3855337078651686,False,Pass,1
206,0.45896656534954405,0.42344244984160506,0.4506578947368421,1.0,0.3495435393258427,False,Pass,1
207,0.31458966565349533,0.43294614572333684,0.44298245614035087,0.6407407407407408,0.2993328651685393,False,Pass,1
208,0.24620060790273546,0.6663146779303063,0.41008771929824556,0.817283950617284,0.3709620786516854,False,Pass,1
209,0.3085106382978723,0.542766631467793,0.9999999999999999,1.0,0.7087429775280899,False,Pass,1
210,0.4072948328267476,0.6800422386483632,0.6425438596491229,0.7123456790123457,0.5825140449438203,False,Pass,1
211,0.6352583586626139,0.5755015839493135,0.7587719298245614,0.6098765432098765,0.6838132022471911,False,Pass,1
212,0.2264437689969604,0.6884899683210137,0.4868421052631579,0.19135802469135804,0.4243328651685393,False,Pass,1
213,0.4741641337386019,0.4139387539598733,0.5471491228070176,0.911111111111111,0.4118679775280899,False,Pass,1
214,0.3799392097264437,0.5755015839493135,0.44298245614035087,0.7246913580246914,0.3930828651685394,False,Pass,1
215,0.4088145896656534,0.5438225976768742,0.06030701754385963,0.5024691358024691,0.1422050561797753,False,Fail,0
216,0.6504559270516717,0.3854276663146779,0.3114035087719298,0.7839506172839505,0.3077598314606742,False,Pass,1
217,0.566869300911854,0.32946145723336856,0.22587719298245607,0.6086419753086418,0.1961025280898876,False,Fail,0
218,0.7112462006079026,0.6863780359028511,0.13925438596491224,0.6222222222222222,0.3686797752808989,False,Pass,1
219,0.439209726443769,0.5216473072861668,0.34758771929824556,0.902469135802469,0.3256671348314607,False,Pass,1
220,0.34042553191489355,0.41605068637803594,0.844298245614035,0.4222222222222222,0.5568820224719101,False,Pass,1
221,0.4270516717325227,0.5628299894403379,0.5745614035087719,1.0,0.4873595505617977,False,Pass,1
222,0.5121580547112463,0.7560718057022175,0.8377192982456141,0.4074074074074074,0.7817766853932585,False,Pass,1
223,0.4999999999999998,0.21647307286166845,0.6644736842105263,0.5888888888888888,0.3974719101123596,False,Pass,1
224,0.27051671732522786,0.34107708553326294,0.737938596491228,1.0,0.4271418539325843,False,Pass,1
225,0.48480243161094205,0.43189017951425557,0.40570175438596484,1.0,0.3339185393258427,False,Pass,1
226,0.5091185410334347,0.808870116156283,0.6864035087719299,0.7777777777777779,0.7101474719101123,False,Pass,1
227,0.9270516717325228,0.6219640971488912,0.7269736842105262,0.5209876543209877,0.7877457865168539,False,Pass,1
228,0.810030395136778,0.6990496304118268,0.46929824561403505,0.6222222222222222,0.6206109550561799,False,Pass,1
229,0.3130699088145895,0.39704329461457233,0.694078947368421,0.771604938271605,0.4417134831460675,False,Pass,1
230,0.4164133738601823,0.4002111932418163,0.6951754385964912,0.7629629629629628,0.4798103932584269,False,Pass,1
231,0.20060790273556217,0.648363252375924,0.47478070175438597,0.7308641975308643,0.3876404494382023,False,Pass,1
232,0.3601823708206686,0.587117212249208,0.3618421052631578,0.7456790123456791,0.340063202247191,False,Pass,1
233,0.525835866261398,0.6642027455121436,0.34978070175438597,0.7,0.4281952247191011,False,Pass,1
234,0.688449848024316,0.5480464625131996,0.6008771929824561,0.39753086419753086,0.5874297752808989,False,Pass,1
235,0.3358662613981762,0.6219640971488912,0.6480263157894738,0.625925925925926,0.5323033707865169,False,Pass,1
236,0.34954407294832823,0.6029567053854276,0.4265350877192982,0.9790123456790123,0.3857092696629214,False,Pass,1
237,0.07598784194528874,0.7011615628299894,0.5888157894736842,0.4148148148148148,0.4438202247191011,False,Pass,1
238,0.43768996960486317,0.7053854276663146,0.6962719298245613,0.7061728395061728,0.6400983146067417,False,Pass,1
239,0.2750759878419452,0.3210137275607181,0.7050438596491228,0.5506172839506174,0.3976474719101124,False,Pass,1
240,0.3708206686930091,0.22175290390707497,0.8892543859649124,0.780246913580247,0.4992977528089887,False,Pass,1
241,0.3085106382978723,0.7360084477296726,0.8355263157894737,0.6567901234567901,0.6997893258426965,False,Pass,1
242,0.4513677811550151,0.7655755015839493,0.3859649122807017,1.0,0.4761235955056179,False,Pass,1
243,0.14741641337386002,0.41605068637803594,0.9155701754385964,0.8777777777777778,0.5356390449438203,False,Pass,1
244,0.20060790273556217,0.28299894403379094,0.47807017543859637,0.42962962962962953,0.2075140449438203,False,Fail,0
245,0.857142857142857,0.5934530095036958,0.7894736842105262,0.9185185185185185,0.7893258426966293,False,Pass,1
246,0.23404255319148926,0.7254487856388595,0.5964912280701755,0.5617283950617284,0.5156250000000001,False,Pass,1
247,0.26747720364741634,0.8627243928194297,0.5021929824561404,0.6111111111111112,0.5352879213483145,False,Pass,1
248,0.8024316109422491,0.658922914466737,0.22697368421052627,0.8308641975308642,0.4427668539325843,False,Pass,1
249,0.9984802431610942,0.5184794086589228,0.5493421052631579,0.6320987654320989,0.6471207865168539,False,Pass,1
250,0.2537993920972643,0.4361140443505808,0.275219298245614,0.9740740740740741,0.1724016853932585,False,Fail,0
251,0.40121580547112456,0.5797254487856388,0.7741228070175439,0.5617283950617284,0.6146418539325843,False,Pass,1
252,0.5303951367781155,0.5300950369588173,0.8826754385964912,0.5999999999999999,0.7041783707865169,False,Pass,1
253,0.7826747720364742,0.4171066525871172,0.4265350877192982,0.5913580246913581,0.4431179775280899,False,Pass,1
254,0.2887537993920972,0.9017951425554382,0.6425438596491229,0.6135802469135803,0.6520365168539325,False,Pass,1
255,0.42401215805471115,0.860612460401267,0.43969298245614025,1.0,0.5484550561797753,False,Pass,1
256,0.6094224924012157,0.7571277719112988,0.4594298245614035,0.9086419753086419,0.5737359550561799,False,Pass,1
257,0.547112462006079,0.43189017951425557,0.7357456140350878,1.0,0.5668890449438203,False,Pass,1
258,0.39969604863221875,0.7127771911298838,0.575657894736842,1.0,0.5533707865168541,False,Pass,1
259,0.4437689969604862,0.6789862724392819,0.9265350877192983,0.4987654320987654,0.7765098314606741,False,Pass,1
260,0.2173252279635257,0.6473072861668425,0.487938596491228,0.7703703703703704,0.4013342696629214,False,Pass,1
261,0.42401215805471115,0.7750791974656811,0.7807017543859649,0.46296296296296297,0.7241924157303371,False,Pass,1
262,0.4194528875379938,0.6779303062302006,0.6030701754385964,0.5604938271604938,0.5603932584269663,False,Pass,1
263,0.5106382978723403,0.6948257655755015,0.7401315789473684,0.597530864197531,0.6882022471910113,False,Pass,1
264,0.36626139817629166,0.6789862724392819,0.49561403508771923,0.4925925925925925,0.4736657303370787,False,Pass,1
265,0.5547112462006079,0.631467793030623,0.5734649122807017,0.4938271604938271,0.5651334269662923,False,Pass,1
266,0.6534954407294833,0.2946145723336854,0.5603070175438596,0.7172839506172839,0.4229283707865169,False,Pass,1
267,0.49696048632218837,0.5913410770855332,0.418859649122807,0.45308641975308644,0.4260884831460675,False,Pass,1
268,0.5319148936170213,0.4899683210137276,0.7138157894736843,0.9604938271604937,0.5765449438202247,False,Pass,1
269,0.4772036474164132,0.3748680042238648,0.7116228070175439,0.5259259259259259,0.4987710674157303,False,Pass,1
270,0.4680851063829786,0.8437170010559661,0.7006578947368421,1.0,0.7224367977528091,False,Pass,1
271,0.3358662613981762,0.8511087645195354,0.8870614035087719,0.6419753086419753,0.7996839887640451,False,Pass,1
272,0.525835866261398,0.7930306230200633,0.8695175438596491,0.7703703703703704,0.8253160112359551,False,Pass,1
273,0.44984802431610926,0.6177402323125659,0.5098684210526315,0.4333333333333333,0.4812148876404495,False,Pass,1
274,0.8495440729483281,0.791974656810982,0.6567982456140351,1.0,0.8007373595505617,False,Pass,1
275,0.7553191489361701,0.5797254487856388,0.4605263157894736,1.0,0.5365168539325843,False,Pass,1
276,0.5379939209726443,0.6092925026399155,0.587719298245614,0.825925925925926,0.5574087078651685,False,Pass,1
277,0.32826747720364724,0.4044350580781415,0.46491228070175433,0.42098765432098767,0.3038974719101123,False,Pass,1
278,0.26595744680851063,0.6409714889123548,0.9035087719298246,0.8049382716049382,0.6811797752808991,False,Pass,1
279,0.6854103343465043,0.587117212249208,0.6546052631578947,0.47654320987654325,0.6402738764044943,False,Pass,1
280,0.5167173252279635,0.3717001055966209,0.5405701754385965,1.0,0.4013342696629214,False,Pass,1
281,0.5562310030395137,0.5691657866948258,0.819078947368421,0.9530864197530864,0.6918890449438203,False,Pass,1
282,0.15045592705167166,0.5649419218585005,0.1546052631578947,0.7765432098765432,0.1235955056179775,False,Fail,0
283,0.6367781155015195,0.8627243928194297,0.1853070175438596,0.15185185185185185,0.4603230337078653,False,Pass,1
284,0.5516717325227962,0.7191129883843718,0.7401315789473684,0.5098765432098764,0.7145365168539325,False,Pass,1
285,0.26595744680851063,0.5797254487856388,0.5953947368421053,0.9234567901234567,0.4533005617977529,False,Pass,1
286,0.3814589665653494,0.6166842661034847,0.6326754385964912,1.0,0.5356390449438203,False,Pass,1
287,0.5167173252279635,0.5850052798310454,0.3212719298245614,1.0,0.3672752808988764,False,Pass,1
288,0.4772036474164132,0.5459345300950369,0.5789473684210527,0.3604938271604939,0.4991221910112361,False,Pass,1
289,0.4148936170212765,0.4065469904963041,0.9791666666666666,0.8271604938271604,0.6643258426966293,False,Pass,1
290,0.44984802431610926,0.5533262935586061,0.7456140350877193,1.0,0.6000702247191011,False,Pass,1
291,0.42249240121580545,0.4593453009503696,0.6173245614035087,0.34320987654320984,0.4615519662921349,False,Pass,1
292,0.49544072948328255,0.3790918690601901,0.49671052631578944,0.7506172839506171,0.3695575842696629,False,Pass,1
293,0.7370820668693008,0.658922914466737,0.5054824561403508,0.8209876543209877,0.5984901685393259,False,Pass,1
294,0.0,0.6399155227032736,0.16337719298245612,0.6790123456790123,0.1144662921348314,False,Fail,0
295,0.42553191489361697,0.2946145723336854,0.6337719298245613,0.2962962962962962,0.3909761235955056,False,Pass,1
296,0.4999999999999998,0.5586061246040127,0.75,0.6728395061728394,0.6228932584269663,False,Pass,1
297,0.5227963525835864,0.7349524815205913,0.27192982456140347,0.6728395061728394,0.4125702247191012,False,Pass,1
298,0.39969604863221875,0.7455121436114045,0.4528508771929824,0.7160493827160495,0.4910463483146067,False,Pass,1
299,0.14741641337386002,0.7402323125659979,0.35526315789473684,0.6135802469135803,0.3384831460674158,False,Pass,1
300,0.527355623100304,0.5839493136219641,0.39254385964912275,0.6432098765432097,0.4160814606741573,False,Pass,1
301,0.7826747720364742,0.44350580781414994,0.5942982456140351,0.7432098765432098,0.5637289325842697,False,Pass,1
302,0.18844984802431608,0.40549102428722283,0.1721491228070175,0.8617283950617283,0.0684691011235955,False,Fail,0
303,0.6261398176291793,0.6325237592397043,0.7050438596491228,0.6777777777777778,0.6746839887640451,False,Pass,1
304,0.4088145896656534,0.6378035902851109,0.7324561403508771,0.6518518518518517,0.6195575842696629,False,Pass,1
305,0.4574468085106381,0.7814149947201688,0.5339912280701754,0.7753086419753086,0.5809339887640449,False,Pass,1
306,0.2765957446808509,0.7518479408658922,0.09320175438596491,0.2790123456790124,0.2212078651685394,False,Fail,0
307,0.4072948328267476,0.5564941921858501,0.3870614035087719,0.8703703703703705,0.3572682584269664,False,Pass,1
308,0.7051671732522795,0.3801478352692714,0.8267543859649122,0.7530864197530864,0.6541432584269663,False,Pass,1
309,0.5744680851063828,0.5269271383315733,0.0350877192982456,0.7629629629629628,0.1750351123595506,False,Fail,0
310,0.7841945288753798,0.6124604012671594,0.5142543859649124,0.9901234567901236,0.5972612359550563,False,Pass,1
311,0.6823708206686929,0.5459345300950369,0.35087719298245607,0.2703703703703703,0.4241573033707865,False,Pass,1
312,0.5486322188449846,0.4857444561774023,0.7423245614035088,0.2654320987654321,0.5984901685393259,False,Pass,1
313,0.7857142857142858,0.6177402323125659,0.4495614035087719,0.8209876543209877,0.5589887640449439,False,Pass,1
314,0.5486322188449846,0.4973600844772967,0.6633771929824561,0.7518518518518518,0.5537219101123595,False,Pass,1
315,0.6185410334346504,0.4783526927138331,0.6951754385964912,0.7950617283950618,0.5888342696629213,False,Pass,1
316,0.41337386018237077,0.6272439281942978,0.9462719298245613,0.6395061728395062,0.7528089887640451,False,Pass,1
317,0.4802431610942248,0.5142555438225976,0.5427631578947368,0.9172839506172838,0.4612008426966293,False,Pass,1
318,0.34042553191489355,0.6166842661034847,0.6578947368421052,0.9839506172839507,0.5375702247191011,False,Pass,1
319,0.6489361702127661,0.6209081309398098,0.2905701754385964,0.8728395061728396,0.4113412921348315,False,Pass,1
320,0.2537993920972643,0.39704329461457233,0.8179824561403509,0.6888888888888889,0.5005266853932585,False,Pass,1
321,0.6109422492401215,0.5015839493136219,0.43311403508771923,0.23209876543209873,0.4299508426966291,False,Pass,1
322,0.43313069908814583,0.8057022175290389,0.47258771929824556,0.94320987654321,0.5452949438202247,False,Pass,1
323,0.6823708206686929,0.3938753959873284,0.5789473684210527,1.0,0.4943820224719101,False,Pass,1
324,0.6048632218844985,0.24287222808870118,0.275219298245614,0.9123456790123456,0.1976825842696629,False,Fail,0
325,0.7993920972644375,0.28299894403379094,0.6282894736842105,0.5358024691358023,0.5112359550561797,False,Pass,1
326,0.6018237082066868,0.5818373812038015,0.7741228070175439,0.9197530864197532,0.6852176966292135,False,Pass,1
327,0.18085106382978722,0.5828933474128828,0.6414473684210525,0.9654320987654321,0.4548806179775281,False,Pass,1
328,0.45592705167173253,0.5586061246040127,0.2697368421052631,1.0,0.3000351123595505,False,Pass,1
329,0.2537993920972643,0.7697993664202746,0.5592105263157895,0.537037037037037,0.5207162921348315,False,Pass,1
330,0.3738601823708205,0.15417106652587118,0.7302631578947368,0.6975308641975309,0.3648174157303371,False,Pass,1
331,0.7431610942249238,0.6399155227032736,0.21271929824561397,0.9370370370370371,0.4036165730337078,False,Pass,1
332,0.5851063829787233,0.8247096092925027,0.37171052631578944,0.7666666666666666,0.5428370786516853,False,Pass,1
333,0.34042553191489355,0.399155227032735,0.756578947368421,0.4777777777777778,0.4922752808988765,False,Pass,1
334,0.28267477203647406,0.5174234424498415,0.6370614035087719,0.8555555555555556,0.4547050561797753,False,Pass,1
335,0.4741641337386019,0.45828933474128836,0.6644736842105263,0.8962962962962961,0.5091292134831461,False,Pass,1
336,0.24620060790273546,0.4361140443505808,0.9506578947368421,0.7753086419753086,0.6023525280898877,False,Pass,1
337,0.3449848024316109,0.525871172122492,0.6754385964912282,0.8074074074074076,0.5050912921348315,False,Pass,1
338,0.5243161094224924,0.8035902851108765,0.712719298245614,0.6888888888888889,0.7296348314606741,False,Pass,1
339,0.6793313069908815,0.8690601900739175,0.9999999999999999,1.0,1.0,False,Pass,1
340,0.5790273556231003,0.5248152059134107,0.5416666666666667,0.5308641975308641,0.5000000000000001,False,Pass,1
341,0.050151975683890515,0.8796198521647306,0.425438596491228,0.6086419753086418,0.4192415730337078,False,Pass,1
342,0.5243161094224924,0.5828933474128828,0.6677631578947368,0.7555555555555555,0.5907654494382023,False,Pass,1
343,0.48176291793313064,0.8553326293558605,0.6699561403508772,0.9703703703703703,0.7133075842696631,False,Pass,1
344,0.5440729483282674,0.5628299894403379,0.4791666666666666,0.3839506172839506,0.4668188202247191,False,Pass,1
345,0.762917933130699,0.5987328405491024,0.37938596491228066,0.42962962962962953,0.4966643258426967,False,Pass,1
346,0.09118541033434646,0.6356916578669483,0.9999999999999999,0.24938271604938272,0.6797752808988763,False,Pass,1
347,0.3601823708206686,0.9999999999999999,0.6480263157894738,0.7617283950617284,0.7292837078651685,False,Pass,1
348,0.5759878419452886,0.7127771911298838,0.43859649122807004,0.47654320987654325,0.5266853932584271,False,Pass,1
349,0.1793313069908814,0.4656810982048574,0.7642543859649122,0.6580246913580245,0.4745435393258427,False,Pass,1
350,0.7370820668693008,0.730728616684266,0.5614035087719298,0.9160493827160494,0.6701193820224719,False,Pass,1
351,0.5349544072948329,0.5205913410770855,0.5328947368421052,0.5950617283950617,0.4770014044943819,False,Pass,1
352,0.6231003039513678,0.5005279831045406,0.694078947368421,0.8098765432098765,0.6007724719101123,False,Pass,1
353,0.36322188449848014,0.7212249208025342,0.32785087719298245,0.6790123456790123,0.3862359550561798,False,Pass,1
354,0.6170212765957446,0.5828933474128828,0.6524122807017544,0.9185185185185185,0.6130617977528089,False,Pass,1
355,0.6626139817629177,0.6219640971488912,0.9605263157894738,0.8703703703703705,0.8456811797752809,False,Pass,1
356,0.5106382978723403,0.5797254487856388,0.6754385964912282,0.5827160493827162,0.5893609550561799,False,Pass,1
357,0.5106382978723403,0.6304118268215416,0.5087719298245614,0.711111111111111,0.5079002808988765,False,Pass,1
358,0.5167173252279635,0.6451953537486801,0.4835526315789473,1.0,0.5012289325842697,False,Pass,1
359,0.3100303951367781,0.2703273495248152,0.5021929824561404,0.8506172839506174,0.2545646067415731,False,Fail,0
360,0.4407294832826747,0.6832101372756071,0.5328947368421052,0.40864197530864194,0.5254564606741573,False,Pass,1
361,0.4407294832826747,0.42238648363252373,0.5087719298245614,0.9148148148148147,0.3799157303370787,False,Pass,1
362,0.5379939209726443,0.3495248152059134,0.7642543859649122,0.4851851851851851,0.5409058988764045,False,Pass,1
363,0.6504559270516717,0.5681098204857444,0.24122807017543857,1.0,0.3539325842696629,False,Pass,1
364,0.2750759878419452,0.5913410770855332,0.7532894736842105,1.0,0.5633778089887641,False,Pass,1
365,0.44528875379939203,0.4677930306230201,0.5087719298245614,0.8246913580246913,0.4041432584269663,False,Pass,1
366,0.7386018237082066,0.7096092925026398,0.6578947368421052,0.7913580246913581,0.7219101123595505,False,Pass,1
367,0.3328267477203647,0.36536430834213307,0.3607456140350877,0.7012345679012344,0.2192766853932584,False,Fail,0
368,0.31762917933130697,0.5131995776135163,0.8453947368421053,0.9209876543209876,0.5981390449438203,False,Pass,1
369,0.5045592705167172,0.4846884899683211,0.8289473684210527,0.6617283950617283,0.6381671348314607,False,Pass,1
370,0.6215805471124618,0.570221752903907,0.7730263157894737,0.8111111111111111,0.6855688202247193,False,Pass,1
371,0.4696048632218843,0.6219640971488912,0.2839912280701754,0.9679012345679012,0.3455056179775281,False,Pass,1
372,0.709726443768997,0.41816261879619854,0.7467105263157895,0.6148148148148147,0.6234199438202247,False,Pass,1
373,0.6246200607902734,0.692713833157339,0.6633771929824561,0.6012345679012345,0.6774929775280899,False,Pass,1
374,0.6215805471124618,0.587117212249208,0.2664473684210526,0.45802469135802465,0.3695575842696629,False,Pass,1
375,0.5683890577507598,0.2777191129883844,0.5789473684210527,0.4901234567901234,0.3969452247191012,False,Pass,1
376,0.8920972644376899,0.2671594508975713,0.6557017543859649,0.30123456790123454,0.5530196629213483,False,Pass,1
377,0.4300911854103343,0.5755015839493135,0.6929824561403509,0.9333333333333333,0.5705758426966291,False,Pass,1
378,0.10334346504559266,0.542766631467793,0.618421052631579,1.0,0.3932584269662922,False,Pass,1
379,0.7613981762917932,0.5607180570221753,0.6403508771929824,1.0,0.6443117977528089,False,Pass,1
380,0.384498480243161,0.573389651531151,0.8739035087719298,0.3518518518518518,0.6695926966292135,False,Pass,1
381,0.4878419452887537,0.6135163674762407,0.825657894736842,0.9320987654320987,0.6945224719101123,False,Pass,1
382,0.7066869300911853,0.7275607180570222,0.017543859649122792,1.0,0.3096910112359551,False,Pass,1
383,0.17629179331306977,0.4012671594508975,0.5208333333333333,0.6407407407407408,0.2854634831460674,False,Fail,0
384,0.2401215805471124,0.3917634635691658,0.5504385964912281,0.7777777777777779,0.3218047752808989,False,Pass,1
385,0.17629179331306977,0.4044350580781415,0.237938596491228,0.2567901234567901,0.10586376404494391,False,Fail,0
386,0.32370820668693,0.6230200633579724,0.6019736842105263,0.8185185185185184,0.4991221910112361,False,Pass,1
387,0.5486322188449846,0.7750791974656811,0.8300438596491228,0.4901234567901234,0.7989817415730337,False,Pass,1
388,0.5638297872340425,0.5089757127771911,0.36842105263157887,0.8024691358024691,0.375877808988764,False,Pass,1
389,0.5182370820668691,0.18162618796198524,0.650219298245614,0.3679012345679012,0.3772823033707865,False,Pass,1
390,0.20972644376899685,0.307286166842661,0.40241228070175433,0.8876543209876544,0.1743328651685394,False,Fail,0
391,0.04711246200607888,0.44561774023231254,0.4506578947368421,1.0,0.2178721910112359,False,Fail,0
392,0.4787234042553191,0.4889123548046463,0.8749999999999999,0.5592592592592591,0.6608146067415729,False,Pass,1
393,0.3814589665653494,0.5131995776135163,0.47587719298245607,0.4728395061728395,0.3836025280898877,False,Pass,1
394,0.5516717325227962,0.5839493136219641,0.6743421052631579,0.2209876543209876,0.6049859550561799,False,Pass,1
395,0.5957446808510638,0.5279831045406547,0.21381578947368418,0.6876543209876542,0.2974016853932584,False,Fail,0
396,0.49392097264437695,0.7434002111932418,0.9506578947368421,0.6098765432098765,0.8414676966292135,False,Pass,1
397,0.6063829787234041,0.47096092925026395,0.7017543859649122,0.3703703703703704,0.5851474719101123,False,Pass,1
398,0.5106382978723403,0.44139387539598735,0.5471491228070176,0.865432098765432,0.4382022471910113,False,Pass,1
399,0.5653495440729484,0.6536430834213305,0.6973684210526316,0.6419753086419753,0.6592345505617979,False,Pass,1
400,0.33890577507598774,0.3347412882787751,0.3048245614035087,0.4876543209876543,0.1702949438202247,False,Fail,0
401,0.43465045592705154,0.6388595564941921,0.8168859649122806,0.6160493827160494,0.6831109550561799,False,Pass,1
402,0.5045592705167172,0.5934530095036958,0.5197368421052632,1.0,0.4943820224719101,False,Pass,1
403,0.6170212765957446,0.5543822597676874,0.5427631578947368,0.902469135802469,0.5286165730337079,False,Pass,1
404,0.3966565349544072,0.8289334741288278,0.4868421052631579,0.7209876543209877,0.5533707865168541,False,Pass,1
405,0.5638297872340425,0.47940865892291445,0.46820175438596484,0.906172839506173,0.4250351123595507,False,Pass,1
406,0.4194528875379938,0.9039070749736009,0.7203947368421052,0.4666666666666666,0.7482443820224719,False,Pass,1
407,0.44680851063829785,0.5417106652587117,0.6337719298245613,0.7604938271604937,0.5215941011235955,False,Pass,1
408,0.6200607902735562,0.3748680042238648,0.7116228070175439,0.788888888888889,0.5482794943820225,False,Pass,1
409,0.10486322188449837,0.5881731784582893,0.581140350877193,0.6370370370370368,0.3925561797752809,False,Pass,1
410,0.23100303951367773,0.40760295670538543,0.6842105263157895,0.8604938271604938,0.4122191011235955,False,Pass,1
411,0.19756838905775076,0.45828933474128836,0.5010964912280702,0.5604938271604938,0.3086376404494382,False,Pass,1
412,0.04255319148936165,0.6409714889123548,0.9999999999999999,0.8790123456790124,0.6655547752808989,False,Pass,1
413,0.3449848024316109,0.6652587117212249,0.27412280701754377,0.8888888888888888,0.3175912921348314,False,Pass,1
414,0.6048632218844985,0.47940865892291445,0.8322368421052632,0.033333333333333326,0.6724016853932585,True,Fail,0
415,0.4164133738601823,0.73389651531151,0.8530701754385964,1.0,0.7473665730337079,False,Pass,1
416,0.5045592705167172,0.7613516367476241,0.4155701754385965,0.0,0.5114115168539325,True,Fail,0
417,0.6671732522796352,0.8046462513199577,0.9999999999999999,0.6012345679012345,0.9636587078651685,False,Pass,1
418,0.709726443768997,0.6610348468848997,0.7796052631578948,1.0,0.7656249999999999,False,Pass,1
419,0.45592705167173253,0.7940865892291447,0.775219298245614,0.6753086419753087,0.7412219101123595,False,Pass,1
420,0.7142857142857142,0.279831045406547,0.5888157894736842,0.391358024691358,0.4548806179775281,False,Pass,1
421,0.48480243161094205,0.5269271383315733,0.5405701754385965,0.482716049382716,0.4676966292134833,False,Pass,1
422,0.31610942249240115,0.440337909186906,0.5416666666666667,1.0,0.366748595505618,False,Pass,1
423,0.3601823708206686,0.5966209081309397,0.6600877192982456,0.2790123456790124,0.5358146067415731,False,Pass,1
424,0.19756838905775076,0.48680042238648363,0.8596491228070176,1.0,0.5524929775280899,False,Pass,1
425,0.30547112462006065,0.5512143611404434,0.6195175438596491,0.7395061728395063,0.4682233146067415,False,Pass,1
426,0.4027355623100304,0.8753959873284055,0.40350877192982454,0.4592592592592593,0.5252808988764045,False,Pass,1
427,0.6139817629179329,0.5512143611404434,0.7456140350877193,0.6086419753086418,0.6558988764044943,False,Pass,1
428,0.7811550151975681,0.6430834213305174,0.7653508771929823,0.5024691358024691,0.7722963483146069,False,Pass,1
429,0.21580547112462,0.5406546990496304,0.712719298245614,0.9666666666666666,0.4915730337078653,False,Pass,1
430,0.5395136778115501,0.5892291446673706,0.7302631578947368,0.9333333333333333,0.6392205056179777,False,Pass,1
431,0.2781155015197567,0.5786694825765575,0.5296052631578948,0.3283950617283951,0.4148525280898876,False,Pass,1
432,0.5547112462006079,0.648363252375924,0.400219298245614,0.6530864197530863,0.4626053370786517,False,Pass,1
433,0.4437689969604862,0.7624076029567053,0.41228070175438586,0.5395061728395061,0.4887640449438203,False,Pass,1
434,0.13373860182370811,0.8384371700105596,0.26096491228070173,1.0,0.3223314606741573,False,Pass,1
435,0.6367781155015195,0.6261879619852164,0.6304824561403508,0.4197530864197531,0.6274578651685395,False,Pass,1
436,0.3571428571428571,0.6705385427666314,0.5668859649122807,1.0,0.5119382022471911,False,Pass,1
437,0.3708206686930091,0.39493136219640973,0.49671052631578944,0.7444444444444445,0.3342696629213483,False,Pass,1
438,0.2735562310030395,0.5638859556494192,0.0,0.4666666666666666,0.0667134831460674,False,Fail,0
439,0.3480243161094224,0.7265047518479407,0.3366228070175438,0.5864197530864197,0.3892205056179775,False,Pass,1
440,0.5455927051671732,0.7148891235480465,0.8048245614035088,0.5555555555555556,0.7517556179775281,False,Pass,1
441,0.43313069908814583,0.6114044350580782,0.4517543859649122,0.4382716049382716,0.4350421348314607,False,Pass,1
442,0.527355623100304,0.7180570221752903,0.6546052631578947,0.7765432098765432,0.6508075842696629,False,Pass,1
443,0.5334346504559269,0.6557550158394931,0.30921052631578944,0.4493827160493827,0.4006320224719102,False,Pass,1
444,0.7082066869300911,0.7676874340021119,0.8673245614035088,0.2148148148148148,0.8744733146067415,False,Pass,1
445,0.4057750759878418,0.6230200633579724,0.5548245614035088,0.6592592592592592,0.4973665730337079,False,Pass,1
446,0.19908814589665635,0.5216473072861668,0.6403508771929824,0.3074074074074074,0.4299508426966291,False,Pass,1
447,0.6626139817629177,0.6304118268215416,0.9999999999999999,0.5679012345679013,0.8751755617977529,False,Pass,1
448,0.4072948328267476,0.11298838437170011,0.8826754385964912,0.528395061728395,0.4534761235955057,False,Pass,1
449,0.6717325227963526,0.6378035902851109,0.5230263157894737,0.5382716049382716,0.5765449438202247,False,Pass,1
450,0.5379939209726443,0.0,0.46600877192982443,1.0,0.175561797752809,False,Fail,0
451,0.4437689969604862,0.30411826821541715,0.518640350877193,0.7666666666666666,0.3283005617977528,False,Pass,1
452,0.5319148936170213,0.6494192185850052,0.6842105263157895,0.8135802469135802,0.6371137640449439,False,Pass,1
453,0.8237082066869301,0.6536430834213305,0.5625,0.3148148148148148,0.6623946629213483,False,Pass,1
454,0.8465045592705167,0.3938753959873284,0.5054824561403508,0.5913580246913581,0.5042134831460675,False,Pass,1
455,0.4802431610942248,0.4646251319957761,0.8728070175438597,0.8061728395061729,0.6478230337078653,False,Pass,1
456,0.49696048632218837,0.7951425554382259,0.5603070175438596,0.49999999999999994,0.6183286516853931,False,Pass,1
457,0.6641337386018238,0.5005279831045406,0.9999999999999999,0.9777777777777779,0.8109199438202249,False,Pass,1
458,0.31458966565349533,0.9324181626187961,0.6008771929824561,0.45555555555555555,0.6495786516853933,False,Pass,1
459,0.5288753799392096,0.5776135163674762,0.9353070175438595,0.682716049382716,0.7610603932584271,False,Pass,1
460,0.4635258358662614,0.642027455121436,0.6535087719298246,0.6086419753086418,0.5900632022471909,False,Pass,1
461,0.525835866261398,0.8342133051742343,0.7730263157894737,0.7938271604938272,0.7840589887640451,False,Pass,1
462,0.31610942249240115,0.5987328405491024,0.44078947368421045,0.5950617283950617,0.3811446629213484,False,Pass,1
463,0.17781155015197558,0.41921858500527986,0.41447368421052627,0.6864197530864196,0.2268258426966292,False,Fail,0
464,0.08966565349544064,0.5607180570221753,0.6743421052631579,0.6950617283950618,0.4332865168539327,False,Pass,1
465,0.2644376899696048,0.5723336853220696,0.7785087719298245,0.5716049382716049,0.5663623595505619,False,Pass,1
466,0.384498480243161,0.3611404435058078,0.5910087719298246,0.8728395061728396,0.3825491573033708,False,Pass,1
467,0.4148936170212765,0.5374868004223865,0.32894736842105254,0.8123456790123456,0.3132022471910112,False,Pass,1
468,0.8206686930091185,0.4604012671594509,0.3146929824561403,0.7308641975308643,0.4062500000000001,False,Pass,1
469,0.6702127659574466,0.7243928194297783,0.30153508771929816,0.6469135802469137,0.4773525280898877,False,Pass,1
470,0.29331306990881456,0.5828933474128828,0.2346491228070175,0.9493827160493828,0.2333216292134832,False,Fail,0
471,0.5319148936170213,0.5332629355860612,0.6052631578947368,0.6950617283950618,0.5286165730337079,False,Pass,1
472,0.3936170212765957,0.5607180570221753,0.8059210526315789,0.6777777777777778,0.6228932584269663,False,Pass,1
473,0.4164133738601823,0.6124604012671594,0.581140350877193,0.7790123456790123,0.5126404494382023,False,Pass,1
474,0.5015197568389058,0.6758183738120379,0.13706140350877194,1.0,0.2893258426966292,False,Fail,0
475,0.5805471124620061,0.41921858500527986,0.5460526315789473,0.4222222222222222,0.4506671348314607,False,Pass,1
476,0.4057750759878418,0.41288278775079196,0.5515350877192983,0.94320987654321,0.3904494382022472,False,Pass,1
477,0.6626139817629177,0.7529039070749735,0.9967105263157895,0.28518518518518515,0.9341643258426967,False,Pass,1
478,0.25987841945288737,0.512143611404435,0.2960526315789473,0.8061728395061729,0.2257724719101124,False,Fail,0
479,0.4696048632218843,0.35269271383315737,0.506578947368421,1.0,0.3537570224719101,False,Pass,1
480,0.9422492401215805,0.648363252375924,0.9199561403508772,0.874074074074074,0.9297752808988765,False,Pass,1
481,0.5091185410334347,0.6515311510031678,0.6721491228070174,0.7950617283950618,0.6225421348314607,False,Pass,1
482,0.7294832826747719,0.3347412882787751,0.694078947368421,0.6148148148148147,0.5549508426966291,False,Pass,1
483,0.48480243161094205,0.6135163674762407,0.6063596491228069,0.7604938271604937,0.5530196629213483,False,Pass,1
484,0.5744680851063828,0.6937697993664202,0.6480263157894738,0.691358024691358,0.6508075842696629,False,Pass,1
485,0.4574468085106381,0.6367476240760295,0.7368421052631579,0.5592592592592591,0.6386938202247193,False,Pass,1
486,0.43768996960486317,0.6779303062302006,0.4232456140350877,0.6814814814814816,0.4515449438202247,False,Pass,1
487,0.32522796352583583,0.35480464625131997,0.756578947368421,0.8024691358024691,0.4648876404494383,False,Pass,1
488,0.547112462006079,0.6304118268215416,0.31249999999999994,0.5641975308641975,0.3948384831460674,False,Pass,1
489,0.3130699088145895,0.5300950369588173,0.6480263157894738,0.5543209876543209,0.4785814606741573,False,Pass,1
490,0.5896656534954408,0.5015839493136219,0.618421052631579,0.4172839506172839,0.5412570224719101,False,Pass,1
491,0.6656534954407294,0.7159450897571277,0.4616228070175438,0.8493827160493828,0.5740870786516853,False,Pass,1
492,0.5349544072948329,0.8120380147835269,0.5789473684210527,0.8876543209876544,0.6518609550561799,False,Pass,1
493,0.4164133738601823,0.8616684266103485,0.4605263157894736,0.8098765432098765,0.5596910112359551,False,Pass,1
494,0.5501519756838906,0.7856388595564942,0.37171052631578944,0.991358024691358,0.5112359550561797,False,Pass,1
495,0.41185410334346495,0.5607180570221753,0.5131578947368421,0.7753086419753086,0.4417134831460675,False,Pass,1
496,0.6382978723404256,0.6335797254487856,0.36513157894736836,0.8493827160493828,0.4617275280898877,False,Pass,1
497,0.13373860182370811,0.6990496304118268,0.6469298245614035,0.828395061728395,0.5000000000000001,False,Pass,1
498,0.4072948328267476,0.5966209081309397,0.35635964912280693,0.7308641975308643,0.3576193820224719,False,Pass,1
499,0.10486322188449837,0.5987328405491024,0.7236842105263157,0.6222222222222222,0.4891151685393259,False,Pass,1
500,0.19604863221884494,0.7085533262935586,0.34978070175438597,1.0,0.3360252808988765,False,Pass,1
